-- ruipidatabase script

SET @OLD_UNIQUE_CHECKS=@@UNIQUE_CHECKS, UNIQUE_CHECKS=0;
SET @OLD_FOREIGN_KEY_CHECKS=@@FOREIGN_KEY_CHECKS, FOREIGN_KEY_CHECKS=0;
SET @OLD_SQL_MODE=@@SQL_MODE, SQL_MODE='ONLY_FULL_GROUP_BY,STRICT_TRANS_TABLES,NO_ZERO_IN_DATE,NO_ZERO_DATE,ERROR_FOR_DIVISION_BY_ZERO,NO_ENGINE_SUBSTITUTION';


-- -----------------------------------------------------
-- Schema ruipidatabase
-- -----------------------------------------------------
CREATE SCHEMA IF NOT EXISTS `ruipidatabase` DEFAULT CHARACTER SET utf8 ;
USE `ruipidatabase` ;

-- -----------------------------------------------------
-- Table `ruipidatabase`.`Departamento`
-- -----------------------------------------------------
CREATE TABLE IF NOT EXISTS `ruipidatabase`.`Departamento` (
  `id_departamento` INT NOT NULL,
  `departamento` VARCHAR(45) NULL,
  PRIMARY KEY (`id_departamento`))
ENGINE = InnoDB;


-- -----------------------------------------------------
-- Table `ruipidatabase`.`Municipio`
-- -----------------------------------------------------
CREATE TABLE IF NOT EXISTS `ruipidatabase`.`Municipio` (
  `id_municipio` INT NOT NULL,
  `municipio` VARCHAR(45) NULL,
  `estado` VARCHAR(45) NULL,
  `id_departamento` INT NOT NULL,
  PRIMARY KEY (`id_municipio`),
  INDEX `fk_Municipio_Departamento1_idx` (`id_departamento` ASC) VISIBLE,
  CONSTRAINT `fk_Municipio_Departamento1`
    FOREIGN KEY (`id_departamento`)
    REFERENCES `ruipidatabase`.`Departamento` (`id_departamento`)
    ON DELETE NO ACTION
    ON UPDATE NO ACTION)
ENGINE = InnoDB;


-- -----------------------------------------------------
-- Table `ruipidatabase`.`Empresa`
-- -----------------------------------------------------
CREATE TABLE IF NOT EXISTS `ruipidatabase`.`Empresa` (
  `id_empresa` INT NOT NULL AUTO_INCREMENT,
  `nit` VARCHAR(45) NOT NULL,
  `nombre_empresa` VARCHAR(45) NOT NULL,
  `direccion_empresa` TEXT(150) NULL,
  `telefono_empresa` VARCHAR(45) NULL,
  `url` TEXT(100) NULL,
  `email_empresa` TEXT(45) NULL,
  `fecha_registro` VARCHAR(45) NULL,
  `id_departamento` INT NOT NULL,
  `id_municipio` INT NOT NULL,
  PRIMARY KEY (`id_empresa`),
  INDEX `fk_Empresa_Departamento1_idx` (`id_departamento` ASC) VISIBLE,
  INDEX `fk_Empresa_Municipio1_idx` (`id_municipio` ASC) VISIBLE,
  CONSTRAINT `fk_Empresa_Departamento1`
    FOREIGN KEY (`id_departamento`)
    REFERENCES `ruipidatabase`.`Departamento` (`id_departamento`)
    ON DELETE NO ACTION
    ON UPDATE NO ACTION,
  CONSTRAINT `fk_Empresa_Municipio1`
    FOREIGN KEY (`id_municipio`)
    REFERENCES `ruipidatabase`.`Municipio` (`id_municipio`)
    ON DELETE NO ACTION
    ON UPDATE NO ACTION)
ENGINE = InnoDB;


-- -----------------------------------------------------
-- Table `ruipidatabase`.`Tipo_usuario`
-- -----------------------------------------------------
CREATE TABLE IF NOT EXISTS `ruipidatabase`.`Tipo_usuario` (
  `id_tipo_usuario` INT NOT NULL AUTO_INCREMENT,
  `nombre_tipo_usuario` VARCHAR(45) NOT NULL,
  PRIMARY KEY (`id_tipo_usuario`))
ENGINE = InnoDB;


-- -----------------------------------------------------
-- Table `ruipidatabase`.`Persona`
-- -----------------------------------------------------
CREATE TABLE IF NOT EXISTS `ruipidatabase`.`Persona` (
  `id_persona` INT NOT NULL AUTO_INCREMENT,
  `nombre` VARCHAR(45) NOT NULL,
  `apellido` VARCHAR(45) NOT NULL,
  `tipo_documento` VARCHAR(45) NULL,
  `numero_documento` VARCHAR(45) NULL,
  `fecha_nacimiento` DATE NULL,
  `email` TEXT(45) NULL,
  `celular` VARCHAR(15) NULL,
  `direccion` TEXT(150) NULL,
  `fecha_registro` VARCHAR(45) NULL,
  `activo` TINYINT NULL,
  `ultima_actualizacion` VARCHAR(45) NULL,
  `id_departamento` INT NULL,
  `id_municipio` INT NULL,
  PRIMARY KEY (`id_persona`),
  INDEX `fk_Persona_Municipio1_idx` (`id_municipio` ASC) VISIBLE,
  INDEX `fk_Persona_Departamento1_idx` (`id_departamento` ASC) VISIBLE,
  CONSTRAINT `fk_Persona_Municipio1`
    FOREIGN KEY (`id_municipio`)
    REFERENCES `ruipidatabase`.`Municipio` (`id_municipio`)
    ON DELETE NO ACTION
    ON UPDATE NO ACTION,
  CONSTRAINT `fk_Persona_Departamento1`
    FOREIGN KEY (`id_departamento`)
    REFERENCES `ruipidatabase`.`Departamento` (`id_departamento`)
    ON DELETE NO ACTION
    ON UPDATE NO ACTION)
ENGINE = InnoDB;


-- -----------------------------------------------------
-- Table `ruipidatabase`.`Usuario`
-- -----------------------------------------------------
CREATE TABLE IF NOT EXISTS `ruipidatabase`.`Usuario` (
  `id_usuario` INT NOT NULL AUTO_INCREMENT,
  `username` VARCHAR(45) NOT NULL,
  `password` VARCHAR(45) NOT NULL,
  `cargo` VARCHAR(45) NULL,
  `area` VARCHAR(45) NULL,
  `id_persona` INT NOT NULL,
  `id_empresa` INT NOT NULL,
  `id_tipo_usuario` INT NOT NULL,
  PRIMARY KEY (`id_usuario`),
  INDEX `fk_Usuario_Persona1_idx` (`id_persona` ASC) VISIBLE,
  INDEX `fk_Usuario_Empresa1_idx` (`id_empresa` ASC) VISIBLE,
  INDEX `fk_Usuario_Tipo_usuario1_idx` (`id_tipo_usuario` ASC) VISIBLE,
  UNIQUE INDEX `username_UNIQUE` (`username` ASC) VISIBLE,
  CONSTRAINT `fk_Usuario_Persona1`
    FOREIGN KEY (`id_persona`)
    REFERENCES `ruipidatabase`.`Persona` (`id_persona`)
    ON DELETE NO ACTION
    ON UPDATE NO ACTION,
  CONSTRAINT `fk_Usuario_Empresa1`
    FOREIGN KEY (`id_empresa`)
    REFERENCES `ruipidatabase`.`Empresa` (`id_empresa`)
    ON DELETE NO ACTION
    ON UPDATE NO ACTION,
  CONSTRAINT `fk_Usuario_Tipo_usuario1`
    FOREIGN KEY (`id_tipo_usuario`)
    REFERENCES `ruipidatabase`.`Tipo_usuario` (`id_tipo_usuario`)
    ON DELETE NO ACTION
    ON UPDATE NO ACTION)
ENGINE = InnoDB;


-- -----------------------------------------------------
-- Table `ruipidatabase`.`Programa_PyDT`
-- -----------------------------------------------------
CREATE TABLE IF NOT EXISTS `ruipidatabase`.`Programa_PyDT` (
  `id_programaPyDT` INT NOT NULL AUTO_INCREMENT,
  `nombre_programaPyDT` VARCHAR(100) NULL,
  PRIMARY KEY (`id_programaPyDT`))
ENGINE = InnoDB;


-- -----------------------------------------------------
-- Table `ruipidatabase`.`Paciente`
-- -----------------------------------------------------
CREATE TABLE IF NOT EXISTS `ruipidatabase`.`Paciente` (
  `id_paciente` INT NOT NULL AUTO_INCREMENT,
  `huella` LONGBLOB NOT NULL,
  `rh` VARCHAR(45) NULL,
  `gestante` VARCHAR(45) NULL,
  `sexo` VARCHAR(45) NULL,
  `etnia` VARCHAR(45) NULL,
  `comunidad` VARCHAR(45) NULL,
  `id_persona` INT NOT NULL,
  `id_programaPyDT` INT NOT NULL,
  PRIMARY KEY (`id_paciente`),
  INDEX `fk_Paciente_Persona1_idx` (`id_persona` ASC) VISIBLE,
  INDEX `fk_Paciente_Programa_PyDT1_idx` (`id_programaPyDT` ASC) VISIBLE,
  CONSTRAINT `fk_Paciente_Persona1`
    FOREIGN KEY (`id_persona`)
    REFERENCES `ruipidatabase`.`Persona` (`id_persona`)
    ON DELETE NO ACTION
    ON UPDATE NO ACTION,
  CONSTRAINT `fk_Paciente_Programa_PyDT1`
    FOREIGN KEY (`id_programaPyDT`)
    REFERENCES `ruipidatabase`.`Programa_PyDT` (`id_programaPyDT`)
    ON DELETE NO ACTION
    ON UPDATE NO ACTION)
ENGINE = InnoDB;


-- -----------------------------------------------------
-- Table `ruipidatabase`.`Paciente_Usuario`
-- -----------------------------------------------------
CREATE TABLE IF NOT EXISTS `ruipidatabase`.`Paciente_Usuario` (
  `id_paciente` INT NOT NULL,
  `id_usuario` INT NOT NULL,
  PRIMARY KEY (`id_paciente`, `id_usuario`),
  INDEX `fk_Paciente_has_Usuario_Usuario1_idx` (`id_usuario` ASC) VISIBLE,
  INDEX `fk_Paciente_has_Usuario_Paciente1_idx` (`id_paciente` ASC) VISIBLE,
  CONSTRAINT `fk_Paciente_has_Usuario_Paciente1`
    FOREIGN KEY (`id_paciente`)
    REFERENCES `ruipidatabase`.`Paciente` (`id_paciente`)
    ON DELETE NO ACTION
    ON UPDATE NO ACTION,
  CONSTRAINT `fk_Paciente_has_Usuario_Usuario1`
    FOREIGN KEY (`id_usuario`)
    REFERENCES `ruipidatabase`.`Usuario` (`id_usuario`)
    ON DELETE NO ACTION
    ON UPDATE NO ACTION)
ENGINE = InnoDB;


-- -----------------------------------------------------
-- Table `ruipidatabase`.`HistoriaC`
-- -----------------------------------------------------
CREATE TABLE IF NOT EXISTS `ruipidatabase`.`HistoriaC` (
  `id_historiaC` INT NOT NULL AUTO_INCREMENT,
  `motivo_consulta` MEDIUMTEXT NULL,
  `fecha_consulta` VARCHAR(45) NULL,
  `eps` VARCHAR(45) NULL,
  `alergias_medicamentos` VARCHAR(250) NULL,
  `habitos` VARCHAR(250) NULL,
  `enfermedad_actual` VARCHAR(250) NULL,
  `antecedentes_EP` VARCHAR(250) NULL,
  `antecedentes_EF` VARCHAR(250) NULL,
  `medicamentos_formulados` LONGTEXT NULL,
  `info_parto` LONGTEXT NULL,
  `diagnostico` LONGTEXT NULL,
  `id_paciente` INT NOT NULL,
  PRIMARY KEY (`id_historiaC`),
  INDEX `fk_HistoriaC_Paciente1_idx` (`id_paciente` ASC) VISIBLE,
  CONSTRAINT `fk_HistoriaC_Paciente1`
    FOREIGN KEY (`id_paciente`)
    REFERENCES `ruipidatabase`.`Paciente` (`id_paciente`)
    ON DELETE NO ACTION
    ON UPDATE NO ACTION)
ENGINE = InnoDB;


-- -----------------------------------------------------
-- Table `ruipidatabase`.`Historial_usuario`
-- -----------------------------------------------------
CREATE TABLE IF NOT EXISTS `ruipidatabase`.`Historial_usuario` (
  `id_registro` INT NOT NULL AUTO_INCREMENT,
  `last_username` VARCHAR(45) NULL,
  `last_password` VARCHAR(45) NULL,
  `last_cargo` VARCHAR(45) NULL,
  `last_area` VARCHAR(45) NULL,
  `last_id_tipo_usuario` INT NULL,
  `new_username` VARCHAR(45) NULL,
  `new_password` VARCHAR(45) NULL,
  `new_cargo` VARCHAR(45) NULL,
  `new_area` VARCHAR(45) NULL,
  `new_id_tipo_usuario` INT NULL,
  `fecha` DATETIME NULL,
  `accion` VARCHAR(45) NULL,
  `lugar` VARCHAR(45) NULL,
  `id_usuario_actualizado` INT NOT NULL,
  PRIMARY KEY (`id_registro`),
  INDEX `fk_Historial_usuario_Usuario1_idx` (`id_usuario_actualizado` ASC) VISIBLE,
  CONSTRAINT `fk_Historial_usuario_Usuario1`
    FOREIGN KEY (`id_usuario_actualizado`)
    REFERENCES `ruipidatabase`.`Usuario` (`id_usuario`)
    ON DELETE NO ACTION
    ON UPDATE NO ACTION)
ENGINE = InnoDB;


-- -----------------------------------------------------
-- Table `ruipidatabase`.`Historial_paciente`
-- -----------------------------------------------------
CREATE TABLE IF NOT EXISTS `ruipidatabase`.`Historial_paciente` (
  `id_registro` INT NOT NULL AUTO_INCREMENT,
  `last_rh` VARCHAR(45) NULL,
  `last_gestante` VARCHAR(45) NULL,
  `last_sexo` VARCHAR(45) NULL,
  `last_etnia` VARCHAR(45) NULL,
  `last_comunidad` VARCHAR(45) NULL,
  `last_municipio` VARCHAR(45) NULL,
  `last_id_programaPyDT` INT NULL,
  `new_rh` VARCHAR(45) NULL,
  `new_gestante` VARCHAR(45) NULL,
  `new_sexo` VARCHAR(45) NULL,
  `new_etnia` VARCHAR(45) NULL,
  `new_comunidad` VARCHAR(45) NULL,
  `new_municipio` VARCHAR(45) NULL,
  `new_id_programaPyDT` INT NULL,
  `fecha` DATETIME NULL,
  `accion` VARCHAR(45) NULL,
  `lugar` VARCHAR(45) NULL,
  `id_paciente_actualizado` INT NOT NULL,
  PRIMARY KEY (`id_registro`),
  INDEX `fk_Historial_paciente_Paciente1_idx` (`id_paciente_actualizado` ASC) VISIBLE,
  CONSTRAINT `fk_Historial_paciente_Paciente1`
    FOREIGN KEY (`id_paciente_actualizado`)
    REFERENCES `ruipidatabase`.`Paciente` (`id_paciente`)
    ON DELETE NO ACTION
    ON UPDATE NO ACTION)
ENGINE = InnoDB;


-- -----------------------------------------------------
-- Table `ruipidatabase`.`Historial_persona`
-- -----------------------------------------------------
CREATE TABLE IF NOT EXISTS `ruipidatabase`.`Historial_persona` (
  `id_registro` INT NOT NULL AUTO_INCREMENT,
  `last_nombre` VARCHAR(45) NULL,
  `last_apellido` VARCHAR(45) NULL,
  `last_tipo_documento` VARCHAR(45) NULL,
  `last_numero_documento` VARCHAR(45) NULL,
  `last_fecha_nacimiento` DATE NULL,
  `last_id_municipio` INT NULL,
  `last_id_departamento` INT NULL,
  `last_email` TEXT(45) NULL,
  `last_celular` VARCHAR(15) NULL,
  `last_direccion` TEXT(150) NULL,
  `last_activo` TINYINT NULL,
  `new_nombre` VARCHAR(45) NULL,
  `new_apellido` VARCHAR(45) NULL,
  `new_tipo_documento` VARCHAR(45) NULL,
  `new_numero_documento` VARCHAR(45) NULL,
  `new_fecha_nacimiento` DATE NULL,
  `new_id_municipio` INT NULL,
  `new_id_departamento` INT NULL,
  `new_email` TEXT NULL,
  `new_celular` VARCHAR(15) NULL,
  `new_direccion` TEXT(150) NULL,
  `new_activo` TINYINT NULL,
  `fecha` DATETIME NULL,
  `accion` VARCHAR(45) NULL,
  `lugar` VARCHAR(45) NULL,
  `id_persona_actualizada` INT NOT NULL,
  PRIMARY KEY (`id_registro`),
  INDEX `fk_Historial_persona_Persona1_idx` (`id_persona_actualizada` ASC) VISIBLE,
  CONSTRAINT `fk_Historial_persona_Persona1`
    FOREIGN KEY (`id_persona_actualizada`)
    REFERENCES `ruipidatabase`.`Persona` (`id_persona`)
    ON DELETE NO ACTION
    ON UPDATE NO ACTION)
ENGINE = InnoDB;


-- -----------------------------------------------------
-- Table `ruipidatabase`.`Historial_empresa`
-- -----------------------------------------------------
CREATE TABLE IF NOT EXISTS `ruipidatabase`.`Historial_empresa` (
  `id_registro` INT NOT NULL AUTO_INCREMENT,
  `last_direccion_empresa` TEXT(150) NULL,
  `last_id_municipio` INT NULL,
  `last_id_departamento` INT NULL,
  `last_telefono_empresa` VARCHAR(45) NULL,
  `last_url` TEXT(100) NULL,
  `last_email_empresa` TEXT(45) NULL,
  `new_direccion_empresa` TEXT(150) NULL,
  `new_id_municipio` VARCHAR(45) NULL,
  `new_id_departamento` INT NULL,
  `new_telefono_empresa` INT NULL,
  `new_url` TEXT(100) NULL,
  `new_email_empresa` TEXT(45) NULL,
  `fecha` VARCHAR(45) NULL,
  `accion` VARCHAR(45) NULL,
  `lugar` VARCHAR(45) NULL,
  `id_empresa_actualizada` INT NOT NULL,
  PRIMARY KEY (`id_registro`),
  INDEX `fk_Empresa_copy1_Empresa1_idx` (`id_empresa_actualizada` ASC) VISIBLE,
  CONSTRAINT `fk_Empresa_copy1_Empresa1`
    FOREIGN KEY (`id_empresa_actualizada`)
    REFERENCES `ruipidatabase`.`Empresa` (`id_empresa`)
    ON DELETE NO ACTION
    ON UPDATE NO ACTION)
ENGINE = InnoDB;


-- -----------------------------------------------------
-- Table `ruipidatabase`.`Historial_historiaC`
-- -----------------------------------------------------
CREATE TABLE IF NOT EXISTS `ruipidatabase`.`Historial_historiaC` (
  `id_registro` INT NOT NULL AUTO_INCREMENT,
  `last_motivo_consulta` MEDIUMTEXT NULL,
  `last_eps` VARCHAR(45) NULL,
  `last_alergias_medicamentos` VARCHAR(250) NULL,
  `last_habitos` VARCHAR(250) NULL,
  `last_enfermedad_actual` VARCHAR(250) NULL,
  `last_antecedentes_EP` VARCHAR(250) NULL,
  `last_antecedentes_EF` VARCHAR(250) NULL,
  `last_info_parto` LONGTEXT NULL,
  `last_diagnostico` LONGTEXT NULL,
  `last_medicamentos_formulados` LONGTEXT NULL,
  `new_motivo_consulta` MEDIUMTEXT NULL,
  `new_eps` VARCHAR(45) NULL,
  `new_alergias_medicamentos` VARCHAR(250) NULL,
  `new_habitos` VARCHAR(250) NULL,
  `new_enfermedad_actual` VARCHAR(250) NULL,
  `new_antecedentes_EP` VARCHAR(250) NULL,
  `new_antecedentes_EF` VARCHAR(250) NULL,
  `new_info_parto` LONGTEXT NULL,
  `new_diagnostico` LONGTEXT NULL,
  `new_medicamentos_formulados` LONGTEXT NULL,
  `fecha` DATETIME NULL,
  `accion` VARCHAR(45) NULL,
  `lugar` VARCHAR(45) NULL,
  `id_historiaC_actualizada` INT NOT NULL,
  PRIMARY KEY (`id_registro`),
  INDEX `fk_Historial_historiaC_HistoriaC1_idx` (`id_historiaC_actualizada` ASC) VISIBLE,
  CONSTRAINT `fk_Historial_historiaC_HistoriaC1`
    FOREIGN KEY (`id_historiaC_actualizada`)
    REFERENCES `ruipidatabase`.`HistoriaC` (`id_historiaC`)
    ON DELETE NO ACTION
    ON UPDATE NO ACTION)
ENGINE = InnoDB;


SET SQL_MODE=@OLD_SQL_MODE;
SET FOREIGN_KEY_CHECKS=@OLD_FOREIGN_KEY_CHECKS;
SET UNIQUE_CHECKS=@OLD_UNIQUE_CHECKS;


#Ingresar datos de tipos de usuario precargados
INSERT INTO Tipo_usuario (nombre_tipo_usuario) VALUES ('Administrador');
INSERT INTO Tipo_usuario (nombre_tipo_usuario) VALUES ('Médico');
INSERT INTO Tipo_usuario (nombre_tipo_usuario) VALUES ('Recepción');

#Ingresar Programas Prevención y Detección Temprana de Enfermedades precargados
INSERT INTO Programa_PyDT (nombre_programaPyDT) VALUES('Alteraciones Crecimiento y Desarrollo');
INSERT INTO Programa_PyDT (nombre_programaPyDT) VALUES('Alteraciones Desarrollo del Joven');
INSERT INTO Programa_PyDT (nombre_programaPyDT) VALUES('Alteraciones del Embarazo');
INSERT INTO Programa_PyDT (nombre_programaPyDT) VALUES('Alteraciones en el Adulto');
INSERT INTO Programa_PyDT (nombre_programaPyDT) VALUES('Cáncer de Seno');

#Ingresar los Departamentos precargados
INSERT INTO departamento (id_departamento, departamento)
VALUES(1,'MAGDALENA'),(2,'ANTIOQUIA'),(3,'ATLÁNTICO'),(4,'BOGOTÁ, D.C.'),(5,'BOLÍVAR'),(6,'BOYACÁ'),
	(7,'CALDAS'),(8,'CAQUETÁ'),(9,'CAUCA'),(10,'CESAR'),(11,'CÓRDOBA'),(12,'CUNDINAMARCA'),(13,'CHOCÓ'),
	(14,'HUILA'),(15,'LA GUAJIRA'),(16,'META'),(17,'NARIÑO'),(18,'NORTE DE SANTANDER'),(19,'QUINDIO'),
	(20,'RISARALDA'),(21,'SANTANDER'),(22,'SUCRE'),(23,'TOLIMA'),(24,'VALLE DEL CAUCA'),(25,'ARAUCA'),
	(26,'CASANARE'),(27,'PUTUMAYO'),(28,'SAN ANDRÉS Y PROVIDENCIA'),(29,'AMAZONAS'),(30,'GUAINÍA'),
	(31,'GUAVIARE'),(32,'VAUPÉS'),(33,'VICHADA');
    
#Ingresar los Municipios precargados
INSERT INTO municipio (id_municipio, municipio, id_departamento)
VALUES
	(1,'Abriaquí',2),
	(2,'Acacías',16),
	(3,'Acandí',13),
	(4,'Acevedo',14),
	(5,'Achí',5),
	(6,'Agrado',14),
	(7,'Agua de Dios',12),
	(8,'Aguachica',10),
	(9,'Aguada',21),
	(10,'Aguadas',7),
	(11,'Aguazul',26),
	(12,'Agustín Codazzi',10),
	(13,'Aipe',14),
	(14,'Albania (Caquetá)',8),
	(15,'Albania (La Guajira)',15),
	(16,'Albania (Santander)',21),
	(17,'Albán',12),
	(18,'Albán (San José)',17),
	(19,'Alcalá',24),
	(20,'Alejandria',2),
	(21,'Algarrobo',1),
	(22,'Algeciras',14),
	(23,'Almaguer',9),
	(24,'Almeida',6),
	(25,'Alpujarra',23),
	(26,'Altamira',14),
	(27,'Alto Baudó (Pie de Pato)',13),
	(28,'Altos del Rosario',5),
	(29,'Alvarado',23),
	(30,'Amagá',2),
	(31,'Amalfi',2),
	(32,'Ambalema',23),
	(33,'Anapoima',12),
	(34,'Ancuya',17),
	(35,'Andalucía',24),
	(36,'Andes',2),
	(37,'Angelópolis',2),
	(38,'Angostura',2),
	(39,'Anolaima',12),
	(40,'Anorí',2),
	(41,'Anserma',7),
	(42,'Ansermanuevo',24),
	(43,'Anzoátegui',23),
	(44,'Anzá',2),
	(45,'Apartadó',2),
	(46,'Apulo',12),
	(47,'Apía',20),
	(48,'Aquitania',6),
	(49,'Aracataca',1),
	(50,'Aranzazu',7),
	(51,'Aratoca',21),
	(52,'Arauca',25),
	(53,'Arauquita',25),
	(54,'Arbeláez',12),
	(55,'Arboleda (Berruecos)',17),
	(56,'Arboledas',18),
	(57,'Arboletes',2),
	(58,'Arcabuco',6),
	(59,'Arenal',5),
	(60,'Argelia (Antioquia)',2),
	(61,'Argelia (Cauca)',9),
	(62,'Argelia (V del Cauca)',24),
	(63,'Ariguaní (El Difícil)',1),
	(64,'Arjona',5),
	(65,'Armenia (Antioquia)',2),
	(66,'Armenia (Quindio)',19),
	(67,'Armero (Guayabal)',23),
	(68,'Arroyohondo',5),
	(69,'Astrea',10),
	(70,'Ataco',23),
	(71,'Atrato (Yuto)',13),
	(72,'Ayapel',11),
	(73,'Bagadó',13),
	(74,'Bahía Solano (Mútis)',13),
	(75,'Bajo Baudó (Pizarro)',13),
	(76,'Balboa (Cauca)',9),
	(77,'Balboa (Risaralda)',20),
	(78,'Baranoa',3),
	(79,'Baraya',14),
	(80,'Barbacoas',17),
	(81,'Barbosa (Antioquia)',2),
	(82,'Barbosa (Santander)',21),
	(83,'Barichara',21),
	(84,'Barranca de Upía',16),
	(85,'Barrancabermeja',21),
	(86,'Barrancas',15),
	(87,'Barranco de Loba',5),
	(88,'Barranquilla',3),
	(89,'Becerríl',10),
	(90,'Belalcázar',7),
	(91,'Bello',2),
	(92,'Belmira',2),
	(93,'Beltrán',12),
	(94,'Belén',6),
	(95,'Belén',17),
	(96,'Belén de Bajirá',13),
	(97,'Belén de Umbría',20),
	(98,'Belén de los Andaquíes',8),
	(99,'Berbeo',6),
	(100,'Betania',2),
	(101,'Beteitiva',6),
	(102,'Betulia (Antioquia)',2),
	(103,'Betulia (Santander)',21),
	(104,'Bituima',12),
	(105,'Boavita',6),
	(106,'Bochalema',18),
	(107,'Bogotá D.C.',4),
	(108,'Bojacá',12),
	(109,'Bojayá (Bellavista)',13),
	(110,'Bolívar (Antioquia)',2),
	(111,'Bolívar (Cauca)',9),
	(112,'Bolívar (Santander)',21),
	(113,'Bolívar (V del Cauca)',24),
	(114,'Bosconia',10),
	(115,'Boyacá',6),
	(116,'Briceño (Antioquia)',2),
	(117,'Briceño (Boyacá)',6),
	(118,'Bucaramanga',21),
	(119,'Bucarasica',18),
	(120,'Buenaventura',24),
	(121,'Buenavista (Boyacá)',6),
	(122,'Buenavista (Córdoba)',11),
	(123,'Buenavista (Quindio)',19),
	(124,'Buenavista (Sucre)',22),
	(125,'Buenos Aires',9),
	(126,'Buesaco',17),
	(127,'Buga',24),
	(128,'Bugalagrande',24),
	(129,'Burítica',2),
	(130,'Busbanza',6),
	(131,'Cabrera (Cundinamarca)',12),
	(132,'Cabrera (Santander)',21),
	(133,'Cabuyaro',16),
	(134,'Cachipay',12),
	(135,'Caicedo',2),
	(136,'Caicedonia',24),
	(137,'Caimito',22),
	(138,'Cajamarca',23),
	(139,'Cajibío',9),
	(140,'Cajicá',12),
	(141,'Calamar (Bolívar))',5),
	(142,'Calamar (Guaviare)',31),
	(143,'Calarcá',19),
	(144,'Caldas (Antioquia)',2),
	(145,'Caldas (Boyacá)',6),
	(146,'Caldono',9),
	(147,'California',21),
	(148,'Calima (Darién)',24),
	(149,'Caloto',9),
	(150,'Calí',24),
	(151,'Campamento',2),
	(152,'Campo de la Cruz',3),
	(153,'Campoalegre',14),
	(154,'Campohermoso',6),
	(155,'Canalete',11),
	(156,'Candelaria (Atlántico)',3),
	(157,'Candelaria (V del Cauca)',24),
	(158,'Cantagallo',5),
	(159,'Cantón de San Pablo',13),
	(160,'Caparrapí',12),
	(161,'Capitanejo',21),
	(162,'Caracolí',2),
	(163,'Caramanta',2),
	(164,'Carcasí',21),
	(165,'Carepa',2),
	(166,'Carmen de Apicalá',23),
	(167,'Carmen de Carupa',12),
	(168,'Carmen de Viboral',2),
	(169,'Carmen del Darién (CURBARADÓ)',13),
	(170,'Carolina',2),
	(171,'Cartagena',5),
	(172,'Cartagena del Chairá',8),
	(173,'Cartago',24),
	(174,'Carurú',32),
	(175,'Casabianca',23),
	(176,'Castilla la Nueva',16),
	(177,'Caucasia',2),
	(178,'Cañasgordas',2),
	(179,'Cepita',21),
	(180,'Cereté',11),
	(181,'Cerinza',6),
	(182,'Cerrito',21),
	(183,'Cerro San Antonio',1),
	(184,'Chachaguí',17),
	(185,'Chaguaní',12),
	(186,'Chalán',22),
	(187,'Chaparral',23),
	(188,'Charalá',21),
	(189,'Charta',21),
	(190,'Chigorodó',2),
	(191,'Chima',21),
	(192,'Chimichagua',10),
	(193,'Chimá',11),
	(194,'Chinavita',6),
	(195,'Chinchiná',7),
	(196,'Chinácota',18),
	(197,'Chinú',11),
	(198,'Chipaque',12),
	(199,'Chipatá',21),
	(200,'Chiquinquirá',6),
	(201,'Chiriguaná',10),
	(202,'Chiscas',6),
	(203,'Chita',6),
	(204,'Chitagá',18),
	(205,'Chitaraque',6),
	(206,'Chivatá',6),
	(207,'Chivolo',1),
	(208,'Choachí',12),
	(209,'Chocontá',12),
	(210,'Chámeza',26),
	(211,'Chía',12),
	(212,'Chíquiza',6),
	(213,'Chívor',6),
	(214,'Cicuco',5),
	(215,'Cimitarra',21),
	(216,'Circasia',19),
	(217,'Cisneros',2),
	(218,'Ciénaga (Boyacá)',6),
	(219,'Ciénaga (Magdalena)',1),
	(220,'Ciénaga de Oro',11),
	(221,'Clemencia',5),
	(222,'Cocorná',2),
	(223,'Coello',23),
	(224,'Cogua',12),
	(225,'Colombia',14),
	(226,'Colosó (Ricaurte)',22),
	(227,'Colón',27),
	(228,'Colón (Génova)',17),
	(229,'Concepción (Antioquia)',2),
	(230,'Concepción (Santander)',21),
	(231,'Concordia (Antioquia)',2),
	(232,'Concordia (Magdalena)',1),
	(233,'Condoto',13),
	(234,'Confines',21),
	(235,'Consaca',17),
	(236,'Contadero',17),
	(237,'Contratación',21),
	(238,'Convención',18),
	(239,'Copacabana',2),
	(240,'Coper',6),
	(241,'Cordobá',19),
	(242,'Corinto',9),
	(243,'Coromoro',21),
	(244,'Corozal',22),
	(245,'Corrales',6),
	(246,'Cota',12),
	(247,'Cotorra',11),
	(248,'Covarachía',6),
	(249,'Coveñas',22),
	(250,'Coyaima',23),
	(251,'Cravo Norte',25),
	(252,'Cuaspud (Carlosama)',17),
	(253,'Cubarral',16),
	(254,'Cubará',6),
	(255,'Cucaita',6),
	(256,'Cucunubá',12),
	(257,'Cucutilla',18),
	(258,'Cuitiva',6),
	(259,'Cumaral',16),
	(260,'Cumaribo',33),
	(261,'Cumbal',17),
	(262,'Cumbitara',17),
	(263,'Cunday',23),
	(264,'Curillo',8),
	(265,'Curití',21),
	(266,'Curumaní',10),
	(267,'Cáceres',2),
	(268,'Cáchira',18),
	(269,'Cácota',18),
	(270,'Cáqueza',12),
	(271,'Cértegui',13),
	(272,'Cómbita',6),
	(273,'Córdoba (Bolívar)',5),
	(274,'Córdoba (Nariño)',17),
	(275,'Cúcuta',18),
	(276,'Dabeiba',2),
	(277,'Dagua',24),
	(278,'Dibulla',15),
	(279,'Distracción',15),
	(280,'Dolores',23),
	(281,'Don Matías',2),
	(282,'Dos Quebradas',20),
	(283,'Duitama',6),
	(284,'Durania',18),
	(285,'Ebéjico',2),
	(286,'El Bagre',2),
	(287,'El Banco',1),
	(288,'El Cairo',24),
	(289,'El Calvario',16),
	(290,'El Carmen (N de Santander)',18),
	(291,'El Carmen (Santander)',21),
	(292,'El Carmen de Atrato',13),
	(293,'El Carmen de Bolívar',5),
	(294,'El Castillo',16),
	(295,'El Cerrito',24),
	(296,'El Charco',17),
	(297,'El Cocuy',6),
	(298,'El Colegio',12),
	(299,'El Copey',10),
	(300,'El Doncello',8),
	(301,'El Dorado',16),
	(302,'El Dovio',24),
	(303,'El Espino',6),
	(304,'El Guacamayo',21),
	(305,'El Guamo',5),
	(306,'El Molino',15),
	(307,'El Paso',10),
	(308,'El Paujil',8),
	(309,'El Peñol',17),
	(310,'El Peñon (Bolívar)',5),
	(311,'El Peñon (Santander)',21),
	(312,'El Peñón',12),
	(313,'El Piñon',1),
	(314,'El Playón',21),
	(315,'El Retorno',31),
	(316,'El Retén',1),
	(317,'El Roble',22),
	(318,'El Rosal',12),
	(319,'El Rosario',17),
	(320,'El Tablón de Gómez',17),
	(321,'El Tambo (Cauca)',9),
	(322,'El Tambo (Nariño)',17),
	(323,'El Tarra',18),
	(324,'El Zulia',18),
	(325,'El Águila',24),
	(326,'Elías',14),
	(327,'Encino',21),
	(328,'Enciso',21),
	(329,'Entrerríos',2),
	(330,'Envigado',2),
	(331,'Espinal',23),
	(332,'Facatativá',12),
	(333,'Falan',23),
	(334,'Filadelfia',7),
	(335,'Filandia',19),
	(336,'Firavitoba',6),
	(337,'Flandes',23),
	(338,'Florencia (Caquetá)',8),
	(339,'Florencia (Cauca)',9),
	(340,'Floresta',6),
	(341,'Florida',24),
	(342,'Floridablanca',21),
	(343,'Florián',21),
	(344,'Fonseca',15),
	(345,'Fortúl',25),
	(346,'Fosca',12),
	(347,'Francisco Pizarro',17),
	(348,'Fredonia',2),
	(349,'Fresno',23),
	(350,'Frontino',2),
	(351,'Fuente de Oro',16),
	(352,'Fundación',1),
	(353,'Funes',17),
	(354,'Funza',12),
	(355,'Fusagasugá',12),
	(356,'Fómeque',12),
	(357,'Fúquene',12),
	(358,'Gachalá',12),
	(359,'Gachancipá',12),
	(360,'Gachantivá',6),
	(361,'Gachetá',12),
	(362,'Galapa',3),
	(363,'Galeras (Nueva Granada)',22),
	(364,'Galán',21),
	(365,'Gama',12),
	(366,'Gamarra',10),
	(367,'Garagoa',6),
	(368,'Garzón',14),
	(369,'Gigante',14),
	(370,'Ginebra',24),
	(371,'Giraldo',2),
	(372,'Girardot',12),
	(373,'Girardota',2),
	(374,'Girón',21),
	(375,'Gonzalez',10),
	(376,'Gramalote',18),
	(377,'Granada (Antioquia)',2),
	(378,'Granada (Cundinamarca)',12),
	(379,'Granada (Meta)',16),
	(380,'Guaca',21),
	(381,'Guacamayas',6),
	(382,'Guacarí',24),
	(383,'Guachavés',17),
	(384,'Guachené',9),
	(385,'Guachetá',12),
	(386,'Guachucal',17),
	(387,'Guadalupe (Antioquia)',2),
	(388,'Guadalupe (Hulia)',14),
	(389,'Guadalupe (Santander)',21),
	(390,'Guaduas',12),
	(391,'Guaitarilla',17),
	(392,'Gualmatán',17),
	(393,'Guamal (Magdalena)',1),
	(394,'Guamal (Meta)',16),
	(395,'Guamo',23),
	(396,'Guapota',21),
	(397,'Guapí',9),
	(398,'Guaranda',22),
	(399,'Guarne',2),
	(400,'Guasca',12),
	(401,'Guatapé',2),
	(402,'Guataquí',12),
	(403,'Guatavita',12),
	(404,'Guateque',6),
	(405,'Guavatá',21),
	(406,'Guayabal de Siquima',12),
	(407,'Guayabetal',12),
	(408,'Guayatá',6),
	(409,'Guepsa',21),
	(410,'Guicán',6),
	(411,'Gutiérrez',12),
	(412,'Guática',20),
	(413,'Gámbita',21),
	(414,'Gámeza',6),
	(415,'Génova',19),
	(416,'Gómez Plata',2),
	(417,'Hacarí',18),
	(418,'Hatillo de Loba',5),
	(419,'Hato',21),
	(420,'Hato Corozal',26),
	(421,'Hatonuevo',15),
	(422,'Heliconia',2),
	(423,'Herrán',18),
	(424,'Herveo',23),
	(425,'Hispania',2),
	(426,'Hobo',14),
	(427,'Honda',23),
	(428,'Ibagué',23),
	(429,'Icononzo',23),
	(430,'Iles',17),
	(431,'Imúes',17),
	(432,'Inzá',9),
	(433,'Inírida',30),
	(434,'Ipiales',17),
	(435,'Isnos',14),
	(436,'Istmina',13),
	(437,'Itagüí',2),
	(438,'Ituango',2),
	(439,'Izá',6),
	(440,'Jambaló',9),
	(441,'Jamundí',24),
	(442,'Jardín',2),
	(443,'Jenesano',6),
	(444,'Jericó (Antioquia)',2),
	(445,'Jericó (Boyacá)',6),
	(446,'Jerusalén',12),
	(447,'Jesús María',21),
	(448,'Jordán',21),
	(449,'Juan de Acosta',3),
	(450,'Junín',12),
	(451,'Juradó',13),
	(452,'La Apartada y La Frontera',11),
	(453,'La Argentina',14),
	(454,'La Belleza',21),
	(455,'La Calera',12),
	(456,'La Capilla',6),
	(457,'La Ceja',2),
	(458,'La Celia',20),
	(459,'La Cruz',17),
	(460,'La Cumbre',24),
	(461,'La Dorada',7),
	(462,'La Esperanza',18),
	(463,'La Estrella',2),
	(464,'La Florida',17),
	(465,'La Gloria',10),
	(466,'La Jagua de Ibirico',10),
	(467,'La Jagua del Pilar',15),
	(468,'La Llanada',17),
	(469,'La Macarena',16),
	(470,'La Merced',7),
	(471,'La Mesa',12),
	(472,'La Montañita',8),
	(473,'La Palma',12),
	(474,'La Paz',21),
	(475,'La Paz (Robles)',10),
	(476,'La Peña',12),
	(477,'La Pintada',2),
	(478,'La Plata',14),
	(479,'La Playa',18),
	(480,'La Primavera',33),
	(481,'La Salina',26),
	(482,'La Sierra',9),
	(483,'La Tebaida',19),
	(484,'La Tola',17),
	(485,'La Unión (Antioquia)',2),
	(486,'La Unión (Nariño)',17),
	(487,'La Unión (Sucre)',22),
	(488,'La Unión (V del Cauca)',24),
	(489,'La Uvita',6),
	(490,'La Vega (Cauca)',9),
	(491,'La Vega (Cundinamarca)',12),
	(492,'La Victoria (Boyacá)',6),
	(493,'La Victoria (Caldas)',7),
	(494,'La Victoria (V del Cauca)',24),
	(495,'La Virginia',20),
	(496,'Labateca',18),
	(497,'Labranzagrande',6),
	(498,'Landázuri',21),
	(499,'Lebrija',21),
	(500,'Leiva',17),
	(501,'Lejanías',16),
	(502,'Lenguazaque',12),
	(503,'Leticia',29),
	(504,'Liborina',2),
	(505,'Linares',17),
	(506,'Lloró',13),
	(507,'Lorica',11),
	(508,'Los Córdobas',11),
	(509,'Los Palmitos',22),
	(510,'Los Patios',18),
	(511,'Los Santos',21),
	(512,'Lourdes',18),
	(513,'Luruaco',3),
	(514,'Lérida',23),
	(515,'Líbano',23),
	(516,'López (Micay)',9),
	(517,'Macanal',6),
	(518,'Macaravita',21),
	(519,'Maceo',2),
	(520,'Machetá',12),
	(521,'Madrid',12),
	(522,'Magangué',5),
	(523,'Magüi (Payán)',17),
	(524,'Mahates',5),
	(525,'Maicao',15),
	(526,'Majagual',22),
	(527,'Malambo',3),
	(528,'Mallama (Piedrancha)',17),
	(529,'Manatí',3),
	(530,'Manaure',15),
	(531,'Manaure Balcón del Cesar',10),
	(532,'Manizales',7),
	(533,'Manta',12),
	(534,'Manzanares',7),
	(535,'Maní',26),
	(536,'Mapiripan',16),
	(537,'Margarita',5),
	(538,'Marinilla',2),
	(539,'Maripí',6),
	(540,'Mariquita',23),
	(541,'Marmato',7),
	(542,'Marquetalia',7),
	(543,'Marsella',20),
	(544,'Marulanda',7),
	(545,'María la Baja',5),
	(546,'Matanza',21),
	(547,'Medellín',2),
	(548,'Medina',12),
	(549,'Medio Atrato',13),
	(550,'Medio Baudó',13),
	(551,'Medio San Juan (ANDAGOYA)',13),
	(552,'Melgar',23),
	(553,'Mercaderes',9),
	(554,'Mesetas',16),
	(555,'Milán',8),
	(556,'Miraflores (Boyacá)',6),
	(557,'Miraflores Guaviare)',31),
	(558,'Miranda',9),
	(559,'Mistrató',20),
	(560,'Mitú',32),
	(561,'Mocoa',27),
	(562,'Mogotes',21),
	(563,'Molagavita',21),
	(564,'Momil',11),
	(565,'Mompós',5),
	(566,'Mongua',6),
	(567,'Monguí',6),
	(568,'Moniquirá',6),
	(569,'Montebello',2),
	(570,'Montecristo',5),
	(571,'Montelíbano',11),
	(572,'Montenegro',19),
	(573,'Monteria',11),
	(574,'Monterrey',26),
	(575,'Morales (Bolívar)',5),
	(576,'Morales (Cauca)',9),
	(577,'Morelia',8),
	(578,'Morroa',22),
	(579,'Mosquera (Cundinamarca)',12),
	(580,'Mosquera (Nariño)',17),
	(581,'Motavita',6),
	(582,'Moñitos',11),
	(583,'Murillo',23),
	(584,'Murindó',2),
	(585,'Mutatá',2),
	(586,'Mutiscua',18),
	(587,'Muzo',6),
	(588,'Málaga',21),
	(589,'Nariño (Antioquia)',2),
	(590,'Nariño (Cundinamarca)',12),
	(591,'Nariño (Nariño)',17),
	(592,'Natagaima',23),
	(593,'Nechí',2),
	(594,'Necoclí',2),
	(595,'Neira',7),
	(596,'Neiva',14),
	(597,'Nemocón',12),
	(598,'Nilo',12),
	(599,'Nimaima',12),
	(600,'Nobsa',6),
	(601,'Nocaima',12),
	(602,'Norcasia',7),
	(603,'Norosí',5),
	(604,'Novita',13),
	(605,'Nueva Granada',1),
	(606,'Nuevo Colón',6),
	(607,'Nunchía',26),
	(608,'Nuquí',13),
	(609,'Nátaga',14),
	(610,'Obando',24),
	(611,'Ocamonte',21),
	(612,'Ocaña',18),
	(613,'Oiba',21),
	(614,'Oicatá',6),
	(615,'Olaya',2),
	(616,'Olaya Herrera',17),
	(617,'Onzaga',21),
	(618,'Oporapa',14),
	(619,'Orito',27),
	(620,'Orocué',26),
	(621,'Ortega',23),
	(622,'Ospina',17),
	(623,'Otanche',6),
	(624,'Ovejas',22),
	(625,'Pachavita',6),
	(626,'Pacho',12),
	(627,'Padilla',9),
	(628,'Paicol',14),
	(629,'Pailitas',10),
	(630,'Paime',12),
	(631,'Paipa',6),
	(632,'Pajarito',6),
	(633,'Palermo',14),
	(634,'Palestina (Caldas)',7),
	(635,'Palestina (Hulia)',14),
	(636,'Palmar',21),
	(637,'Palmar de Varela',3),
	(638,'Palmas del Socorro',21),
	(639,'Palmira',24),
	(640,'Palmito',22),
	(641,'Palocabildo',23),
	(642,'Pamplona',18),
	(643,'Pamplonita',18),
	(644,'Pandi',12),
	(645,'Panqueba',6),
	(646,'Paratebueno',12),
	(647,'Pasca',12),
	(648,'Patía (El Bordo)',9),
	(649,'Pauna',6),
	(650,'Paya',6),
	(651,'Paz de Ariporo',26),
	(652,'Paz de Río',6),
	(653,'Pedraza',1),
	(654,'Pelaya',10),
	(655,'Pensilvania',7),
	(656,'Peque',2),
	(657,'Pereira',20),
	(658,'Pesca',6),
	(659,'Peñol',2),
	(660,'Piamonte',9),
	(661,'Pie de Cuesta',21),
	(662,'Piedras',23),
	(663,'Piendamó',9),
	(664,'Pijao',19),
	(665,'Pijiño',1),
	(666,'Pinchote',21),
	(667,'Pinillos',5),
	(668,'Piojo',3),
	(669,'Pisva',6),
	(670,'Pital',14),
	(671,'Pitalito',14),
	(672,'Pivijay',1),
	(673,'Planadas',23),
	(674,'Planeta Rica',11),
	(675,'Plato',1),
	(676,'Policarpa',17),
	(677,'Polonuevo',3),
	(678,'Ponedera',3),
	(679,'Popayán',9),
	(680,'Pore',26),
	(681,'Potosí',17),
	(682,'Pradera',24),
	(683,'Prado',23),
	(684,'Providencia (Nariño)',17),
	(685,'Providencia (S.A. y P.)',28),
	(686,'Pueblo Bello',10),
	(687,'Pueblo Nuevo',11),
	(688,'Pueblo Rico',20),
	(689,'Pueblorrico',2),
	(690,'Puebloviejo',1),
	(691,'Puente Nacional',21),
	(692,'Puerres',17),
	(693,'Puerto Asís',27),
	(694,'Puerto Berrío',2),
	(695,'Puerto Boyacá',6),
	(696,'Puerto Caicedo',27),
	(697,'Puerto Carreño',33),
	(698,'Puerto Colombia',3),
	(699,'Puerto Concordia',16),
	(700,'Puerto Escondido',11),
	(701,'Puerto Gaitán',16),
	(702,'Puerto Guzmán',27),
	(703,'Puerto Leguízamo',27),
	(704,'Puerto Libertador',11),
	(705,'Puerto Lleras',16),
	(706,'Puerto López',16),
	(707,'Puerto Nare',2),
	(708,'Puerto Nariño',29),
	(709,'Puerto Parra',21),
	(710,'Puerto Rico',8),
	(711,'Puerto Rico',16),
	(712,'Puerto Rondón',25),
	(713,'Puerto Salgar',12),
	(714,'Puerto Santander',18),
	(715,'Puerto Tejada',9),
	(716,'Puerto Triunfo',2),
	(717,'Puerto Wilches',21),
	(718,'Pulí',12),
	(719,'Pupiales',17),
	(720,'Puracé (Coconuco)',9),
	(721,'Purificación',23),
	(722,'Purísima',11),
	(723,'Pácora',7),
	(724,'Páez',6),
	(725,'Páez (Belalcazar)',9),
	(726,'Páramo',21),
	(727,'Quebradanegra',12),
	(728,'Quetame',12),
	(729,'Quibdó',13),
	(730,'Quimbaya',19),
	(731,'Quinchía',20),
	(732,'Quipama',6),
	(733,'Quipile',12),
	(734,'Ragonvalia',18),
	(735,'Ramiriquí',6),
	(736,'Recetor',26),
	(737,'Regidor',5),
	(738,'Remedios',2),
	(739,'Remolino',1),
	(740,'Repelón',3),
	(741,'Restrepo (Meta)',16),
	(742,'Restrepo (V del Cauca)',24),
	(743,'Retiro',2),
	(744,'Ricaurte (Cundinamarca)',12),
	(745,'Ricaurte (Nariño)',17),
	(746,'Rio Negro',21),
	(747,'Rioblanco',23),
	(748,'Riofrío',24),
	(749,'Riohacha',15),
	(750,'Risaralda',7),
	(751,'Rivera',14),
	(752,'Roberto Payán (San José)',17),
	(753,'Roldanillo',24),
	(754,'Roncesvalles',23),
	(755,'Rondón',6),
	(756,'Rosas',9),
	(757,'Rovira',23),
	(758,'Ráquira',6),
	(759,'Río Iró',13),
	(760,'Río Quito',13),
	(761,'Río Sucio',7),
	(762,'Río Viejo',5),
	(763,'Río de oro',10),
	(764,'Ríonegro',2),
	(765,'Ríosucio',13),
	(766,'Sabana de Torres',21),
	(767,'Sabanagrande',3),
	(768,'Sabanalarga (Antioquia)',2),
	(769,'Sabanalarga (Atlántico)',3),
	(770,'Sabanalarga (Casanare)',26),
	(771,'Sabanas de San Angel (SAN ANGEL)',1),
	(772,'Sabaneta',2),
	(773,'Saboyá',6),
	(774,'Sahagún',11),
	(775,'Saladoblanco',14),
	(776,'Salamina (Caldas',7),
	(777,'Salamina (Magdalena)',1),
	(778,'Salazar',18),
	(779,'Saldaña',23),
	(780,'Salento',19),
	(781,'Salgar',2),
	(782,'Samacá',6),
	(783,'Samaniego',17),
	(784,'Samaná',7),
	(785,'Sampués',22),
	(786,'San Agustín',14),
	(787,'San Alberto',10),
	(788,'San Andrés',21),
	(789,'San Andrés Sotavento',11),
	(790,'San Andrés de Cuerquía',2),
	(791,'San Antero',11),
	(792,'San Antonio',23),
	(793,'San Antonio de Tequendama',12),
	(794,'San Benito',21),
	(795,'San Benito Abad',22),
	(796,'San Bernardo (Cundinamarca)',12),
	(797,'San Bernardo (Nariño)',17),
	(798,'San Bernardo del Viento',11),
	(799,'San Calixto',18),
	(800,'San Carlos (Antioquia)',2),
	(801,'San Carlos (Cordobá)',11),
	(802,'San Carlos de Guaroa',16),
	(803,'San Cayetano (Cundinamarca)',12),
	(804,'San Cayetano (N de Santander)',18),
	(805,'San Cristobal',5),
	(806,'San Diego',10),
	(807,'San Eduardo',6),
	(808,'San Estanislao',5),
	(809,'San Fernando',5),
	(810,'San Francisco (Antioquia)',2),
	(811,'San Francisco (Cundinamarca)',12),
	(812,'San Francisco (Putumayo)',27),
	(813,'San Gíl',21),
	(814,'San Jacinto',5),
	(815,'San Jacinto del Cauca',5),
	(816,'San Jerónimo',2),
	(817,'San Joaquín',21),
	(818,'San José',7),
	(819,'San José de Miranda',21),
	(820,'San José de Montaña',2),
	(821,'San José de Pare',6),
	(822,'San José de Uré',11),
	(823,'San José del Fragua',8),
	(824,'San José del Guaviare',31),
	(825,'San José del Palmar',13),
	(826,'San Juan de Arama',16),
	(827,'San Juan de Betulia',22),
	(828,'San Juan de Nepomuceno',5),
	(829,'San Juan de Pasto',17),
	(830,'San Juan de Río Seco',12),
	(831,'San Juan de Urabá',2),
	(832,'San Juan del Cesar',15),
	(833,'San Juanito',16),
	(834,'San Lorenzo',17),
	(835,'San Luis',23),
	(836,'San Luís',2),
	(837,'San Luís de Gaceno',6),
	(838,'San Luís de Palenque',26),
	(839,'San Marcos',22),
	(840,'San Martín (Cesar)',10),
	(841,'San Martín (Meta)',16),
	(842,'San Martín de Loba',5),
	(843,'San Mateo',6),
	(844,'San Miguel (Santander)',21),
	(845,'San Miguel (Putumayo)',27),
	(846,'San Miguel de Sema',6),
	(847,'San Onofre',22),
	(848,'San Pablo (Bolívar)',5),
	(849,'San Pablo (Nariño)',17),
	(850,'San Pablo de Borbur',6),
	(851,'San Pedro (Antioquia)',2),
	(852,'San Pedro (Sucre)',22),
	(853,'San Pedro (V del Cauca)',24),
	(854,'San Pedro de Cartago',17),
	(855,'San Pedro de Urabá',2),
	(856,'San Pelayo',11),
	(857,'San Rafael',2),
	(858,'San Roque',2),
	(859,'San Sebastián',9),
	(860,'San Sebastián de Buenavista',1),
	(861,'San Vicente',2),
	(862,'San Vicente del Caguán',8),
	(863,'San Vicente del Chucurí',21),
	(864,'San Zenón',1),
	(865,'Sandoná',17),
	(866,'Santa Ana',1),
	(867,'Santa Bárbara (Antioquia)',2),
	(868,'Santa Bárbara (Santander)',21),
	(869,'Santa Bárbara (Iscuandé)',17),
	(870,'Santa Bárbara de Pinto',1),
	(871,'Santa Catalina',5),
	(872,'Santa Fé de Antioquia',2),
	(873,'Santa Genoveva de Docorodó',13),
	(874,'Santa Helena del Opón',21),
	(875,'Santa Isabel',23),
	(876,'Santa Lucía',3),
	(877,'Santa Marta',1),
	(878,'Santa María (Boyacá)',6),
	(879,'Santa María (Hulia)',14),
	(880,'Santa Rosa (Bolívar)',5),
	(881,'Santa Rosa (Cauca)',9),
	(882,'Santa Rosa de Cabal',20),
	(883,'Santa Rosa de Osos',2),
	(884,'Santa Rosa de Viterbo',6),
	(885,'Santa Rosa del Sur',5),
	(886,'Santa Rosalía',33),
	(887,'Santa Sofía',6),
	(888,'Santana',6),
	(889,'Santander de Quilichao',9),
	(890,'Santiago (N de Santander)',18),
	(891,'Santiago (Putumayo)',27),
	(892,'Santo Domingo',2),
	(893,'Santo Tomás',3),
	(894,'Santuario (Antioquia)',2),
	(895,'Santuario (Risaralda)',20),
	(896,'Sapuyes',17),
	(897,'Saravena',25),
	(898,'Sardinata',18),
	(899,'Sasaima',12),
	(900,'Sativanorte',6),
	(901,'Sativasur',6),
	(902,'Segovia',2),
	(903,'Sesquilé',12),
	(904,'Sevilla',24),
	(905,'Siachoque',6),
	(906,'Sibaté',12),
	(907,'Sibundoy',27),
	(908,'Silos',18),
	(909,'Silvania',12),
	(910,'Silvia',9),
	(911,'Simacota',21),
	(912,'Simijaca',12),
	(913,'Simití',5),
	(914,'Sincelejo',22),
	(915,'Sincé',22),
	(916,'Sipí',13),
	(917,'Sitionuevo',1),
	(918,'Soacha',12),
	(919,'Soatá',6),
	(920,'Socha',6),
	(921,'Socorro',21),
	(922,'Socotá',6),
	(923,'Sogamoso',6),
	(924,'Solano',8),
	(925,'Soledad',3),
	(926,'Solita',8),
	(927,'Somondoco',6),
	(928,'Sonsón',2),
	(929,'Sopetrán',2),
	(930,'Soplaviento',5),
	(931,'Sopó',12),
	(932,'Sora',6),
	(933,'Soracá',6),
	(934,'Sotaquirá',6),
	(935,'Sotara (Paispamba)',9),
	(936,'Sotomayor (Los Andes)',17),
	(937,'Suaita',21),
	(938,'Suan',3),
	(939,'Suaza',14),
	(940,'Subachoque',12),
	(941,'Sucre (Cauca)',9),
	(942,'Sucre (Santander)',21),
	(943,'Sucre (Sucre)',22),
	(944,'Suesca',12),
	(945,'Supatá',12),
	(946,'Supía',7),
	(947,'Suratá',21),
	(948,'Susa',12),
	(949,'Susacón',6),
	(950,'Sutamarchán',6),
	(951,'Sutatausa',12),
	(952,'Sutatenza',6),
	(953,'Suárez (Cauca)',9),
	(954,'Suárez (Tolima)',23),
	(955,'Sácama',26),
	(956,'Sáchica',6),
	(957,'Tabio',12),
	(958,'Tadó',13),
	(959,'Talaigua Nuevo',5),
	(960,'Tamalameque',10),
	(961,'Tame',25),
	(962,'Taminango',17),
	(963,'Tangua',17),
	(964,'Taraira',32),
	(965,'Tarazá',2),
	(966,'Tarqui',14),
	(967,'Tarso',2),
	(968,'Tasco',6),
	(969,'Tauramena',26),
	(970,'Tausa',12),
	(971,'Tello',14),
	(972,'Tena',12),
	(973,'Tenerife',1),
	(974,'Tenjo',12),
	(975,'Tenza',6),
	(976,'Teorama',18),
	(977,'Teruel',14),
	(978,'Tesalia',14),
	(979,'Tibacuy',12),
	(980,'Tibaná',6),
	(981,'Tibasosa',6),
	(982,'Tibirita',12),
	(983,'Tibú',18),
	(984,'Tierralta',11),
	(985,'Timaná',14),
	(986,'Timbiquí',9),
	(987,'Timbío',9),
	(988,'Tinjacá',6),
	(989,'Tipacoque',6),
	(990,'Tiquisio (Puerto Rico)',5),
	(991,'Titiribí',2),
	(992,'Toca',6),
	(993,'Tocaima',12),
	(994,'Tocancipá',12),
	(995,'Toguí',6),
	(996,'Toledo (Antioquia)',2),
	(997,'Toledo (N de Santander)',18),
	(998,'Tolú',22),
	(999,'Tolú Viejo',22),
	(1000,'Tona',21),
	(1001,'Topagá',6),
	(1002,'Topaipí',12),
	(1003,'Toribío',9),
	(1004,'Toro',24),
	(1005,'Tota',6),
	(1006,'Totoró',9),
	(1007,'Trinidad',26),
	(1008,'Trujillo',24),
	(1009,'Tubará',3),
	(1010,'Tuchín',11),
	(1011,'Tulúa',24),
	(1012,'Tumaco',17),
	(1013,'Tunja',6),
	(1014,'Tunungua',6),
	(1015,'Turbaco',5),
	(1016,'Turbaná',5),
	(1017,'Turbo',2),
	(1018,'Turmequé',6),
	(1019,'Tuta',6),
	(1020,'Tutasá',6),
	(1021,'Támara',26),
	(1022,'Támesis',2),
	(1023,'Túquerres',17),
	(1024,'Ubalá',12),
	(1025,'Ubaque',12),
	(1026,'Ubaté',12),
	(1027,'Ulloa',24),
	(1028,'Une',12),
	(1029,'Unguía',13),
	(1030,'Unión Panamericana (ÁNIMAS)',13),
	(1031,'Uramita',2),
	(1032,'Uribe',16),
	(1033,'Uribia',15),
	(1034,'Urrao',2),
	(1035,'Urumita',15),
	(1036,'Usiacuri',3),
	(1037,'Valdivia',2),
	(1038,'Valencia',11),
	(1039,'Valle de San José',21),
	(1040,'Valle de San Juan',23),
	(1041,'Valle del Guamuez',27),
	(1042,'Valledupar',10),
	(1043,'Valparaiso (Antioquia)',2),
	(1044,'Valparaiso (Caquetá)',8),
	(1045,'Vegachí',2),
	(1046,'Venadillo',23),
	(1047,'Venecia',2),
	(1048,'Venecia (Ospina Pérez)',12),
	(1049,'Ventaquemada',6),
	(1050,'Vergara',12),
	(1051,'Versalles',24),
	(1052,'Vetas',21),
	(1053,'Viani',12),
	(1054,'Vigía del Fuerte',2),
	(1055,'Vijes',24),
	(1056,'Villa Caro',18),
	(1057,'Villa Rica',9),
	(1058,'Villa de Leiva',6),
	(1059,'Villa del Rosario',18),
	(1060,'Villagarzón',27),
	(1061,'Villagómez',12),
	(1062,'Villahermosa',23),
	(1063,'Villamaría',7),
	(1064,'Villanueva (Bolívar)',5),
	(1065,'Villanueva (La Guajira)',15),
	(1066,'Villanueva (Santander)',21),
	(1067,'Villanueva (Casanare)',26),
	(1068,'Villapinzón',12),
	(1069,'Villarrica',23),
	(1070,'Villavicencio',16),
	(1071,'Villavieja',14),
	(1072,'Villeta',12),
	(1073,'Viotá',12),
	(1074,'Viracachá',6),
	(1075,'Vista Hermosa',16),
	(1076,'Viterbo',7),
	(1077,'Vélez',21),
	(1078,'Yacopí',12),
	(1079,'Yacuanquer',17),
	(1080,'Yaguará',14),
	(1081,'Yalí',2),
	(1082,'Yarumal',2),
	(1083,'Yolombó',2),
	(1084,'Yondó (Casabe)',2),
	(1085,'Yopal',26),
	(1086,'Yotoco',24),
	(1087,'Yumbo',24),
	(1088,'Zambrano',5),
	(1089,'Zapatoca',21),
	(1090,'Zapayán (PUNTA DE PIEDRAS)',1),
	(1091,'Zaragoza',2),
	(1092,'Zarzal',24),
	(1093,'Zetaquirá',6),
	(1094,'Zipacón',12),
	(1095,'Zipaquirá',12),
	(1096,'Zona Bananera (PRADO - SEVILLA)',1),
	(1097,'Ábrego',18),
	(1098,'Íquira',14),
	(1099,'Úmbita',6),
	(1100,'Útica',12);
